<?xml version="1.0" encoding="UTF-8" standalone="yes"?>
<addon id="plugin.video.catchuptvandmore"
       name="Catch-up TV &amp; More"
       version="0.1.3"
       provider-name="SylvainCecchetto">
  <requires>
    <!-- TODO before official repo submission: xbmc.python version="2.25.0"/> -->
    <import addon="xbmc.python" version="2.25.0"/>
    <import addon="script.module.beautifulsoup4" version="4.3.1"/>
    <import addon="script.module.requests" version="2.9.1"/>
    <import addon="script.module.youtube.dl" version="17.518.2"/>
  </requires>
  <extension point="xbmc.python.pluginsource" library="addon.py">
    <provides>video</provides>
  </extension>
  <extension point="xbmc.addon.metadata">
    <summary lang="fr_fr">Catch-Up TV &amp; More : Replay TV et bien plus encore.</summary>
    <description lang="fr_fr">Catch-Up TV &amp; More regroupe dans un même plugin Kodi l'ensemble des vidéos des différents services et chaînes de Replay TV (rattrapage TV). De plus, cette extension vous permet d'accéder rapidement aux vidéos et contenus proposés par certains sites internet.</description>
    <disclaimer lang="fr_fr">Retours de bugs, propositions d'améliorations ou d'ajout de contenus sont les bienvenue ! GitHub ou e-mail.</disclaimer>
    <summary lang="en_gb">Catch-Up TV &amp; More: It's all in the title.</summary>
    <description lang="en_gb">Catch-Up TV &amp; More brings together in one Kodi plugin all the videos of the various services and channels of catch-up TV. Furthermore, this addon allows you to quickly access the videos and content offered by certain websites.</description>
    <disclaimer lang="en_gb">Bug reports, suggestions for improvements or content additions are welcome! GitHub or e-mail.</disclaimer>
    <language>fr</language>
    <platform>all</platform>
    <license>GNU GENERAL PUBLIC LICENSE. Version 2, June 1991</license>
    <forum></forum>
    <website></website>
    <email>catch.up.tv.and.more [AT] gmail [DOT] com</email>
    <source>https://github.com/SylvainCecchetto/plugin.video.catchuptvandmore</source>
    <news>
[Improvement] Choose video quality with DIALOG setting for compatible channels (wwark)
[Add live TV] TF1 group (wwark)
[Bug] TF1 group: Fix wrong Video URL format
[Improvement] TF1 group: Add missing date and duration for videos
[Add channel] Tfou — MyTF1 (wwark)
[Add channel] Xtra — MyTF1 (wwark)
[Add channel] LCI (wwark)
[Add Live TV] Pluzz — France Télévision (wwark)
[Add channel] La 1ère — Outre-Mer (wwark)
[Add channel] France Info (wwark)
[Add Live TV] Canal + group (wwark)
[Add channel] Stories — 6play (wwark)
[Add channel] Bruce — 6play (wwark)
[Add channel] Crazy Kitchen — 6play (wwark)
[Add channel] Home Time — 6play (wwark)
[Add channel] Sixième Style — 6play (wwark)
[Add channel] Comic — 6play (wwark)
[Add Live TV] Arte (wwark)
[Add Live TV] BFM TV (wwark)
[Add channel — Live TV] BFM Business (wwark)
[Add channel — Live TV] RMC (wwark)
[Add channel] 01Net TV (wwark)
[Add channel — Live TV] RMC Découverte (wwark)
[Add Live TV] Gulli (wwark)
[Add Live TV] L'Équipe (wwark)
[Add Live TV] Numéro 23 (wwark)
[Add channel — Live TV] LCP Assemblée Nationale (wwark)
[Add channel — Live TV] France 24 (wwark)
[Add channel — Live TV] Public Sénat (wwark)
[Add Live TV] Euronews (wwark)
[Improvement] Add download mode on multiple channels (wwark)
    </news>
    <assets>
      <icon>icon.png</icon>
      <fanart>fanart.jpg</fanart>
      <screenshot>resources/screenshots/screenshot-01.jpg</screenshot>
      <screenshot>resources/screenshots/screenshot-02.jpg</screenshot>
      <screenshot>resources/screenshots/screenshot-03.jpg</screenshot>
      <screenshot>resources/screenshots/screenshot-04.jpg</screenshot>
      <screenshot>resources/screenshots/screenshot-05.jpg</screenshot>
    </assets>
  </extension>
</addon>
